-- Script Date: 8/18/2024 10:35 PM  - ErikEJ.SqlCeScripting version 3.5.2.95
SELECT 1;
INSERT INTO [SpecialOffer] ([SpecialOfferID],[Description],[DiscountPct],[Type],[Category],[StartDate],[EndDate],[MinQty],[MaxQty],[rowguid],[ModifiedDate]) VALUES (
1,'No Discount',0.0000,'No Discount','No Discount','2011-05-01 00:00:00.000','2014-11-30 00:00:00.000',0,NULL,'0290c4f5-191f-4337-ab6b-0a2dde03cbf9','2011-04-01 00:00:00.000');
INSERT INTO [SpecialOffer] ([SpecialOfferID],[Description],[DiscountPct],[Type],[Category],[StartDate],[EndDate],[MinQty],[MaxQty],[rowguid],[ModifiedDate]) VALUES (
2,'Volume Discount 11 to 14',0.0200,'Volume Discount','Reseller','2011-05-31 00:00:00.000','2014-05-30 00:00:00.000',11,14,'d7542ee7-15db-4541-985c-5cc27aef26d6','2011-05-01 00:00:00.000');
INSERT INTO [SpecialOffer] ([SpecialOfferID],[Description],[DiscountPct],[Type],[Category],[StartDate],[EndDate],[MinQty],[MaxQty],[rowguid],[ModifiedDate]) VALUES (
3,'Volume Discount 15 to 24',0.0500,'Volume Discount','Reseller','2011-05-31 00:00:00.000','2014-05-30 00:00:00.000',15,24,'4bdbcc01-8cf7-40a9-b643-40ec5b717491','2011-05-01 00:00:00.000');
INSERT INTO [SpecialOffer] ([SpecialOfferID],[Description],[DiscountPct],[Type],[Category],[StartDate],[EndDate],[MinQty],[MaxQty],[rowguid],[ModifiedDate]) VALUES (
4,'Volume Discount 25 to 40',0.1000,'Volume Discount','Reseller','2011-05-31 00:00:00.000','2014-05-30 00:00:00.000',25,40,'504b5e85-8f3f-4ebc-9e1d-c1bc5dea9aa8','2011-05-01 00:00:00.000');
INSERT INTO [SpecialOffer] ([SpecialOfferID],[Description],[DiscountPct],[Type],[Category],[StartDate],[EndDate],[MinQty],[MaxQty],[rowguid],[ModifiedDate]) VALUES (
5,'Volume Discount 41 to 60',0.1500,'Volume Discount','Reseller','2011-05-31 00:00:00.000','2014-05-30 00:00:00.000',41,60,'677e1d9d-944f-4e81-90e8-47eb0a82d48c','2011-05-01 00:00:00.000');
INSERT INTO [SpecialOffer] ([SpecialOfferID],[Description],[DiscountPct],[Type],[Category],[StartDate],[EndDate],[MinQty],[MaxQty],[rowguid],[ModifiedDate]) VALUES (
6,'Volume Discount over 60',0.2000,'Volume Discount','Reseller','2011-05-31 00:00:00.000','2014-05-30 00:00:00.000',61,NULL,'8157f569-4e8d-46b6-9347-5d0f726a9439','2011-05-01 00:00:00.000');
INSERT INTO [SpecialOffer] ([SpecialOfferID],[Description],[DiscountPct],[Type],[Category],[StartDate],[EndDate],[MinQty],[MaxQty],[rowguid],[ModifiedDate]) VALUES (
7,'Mountain-100 Clearance Sale',0.3500,'Discontinued Product','Reseller','2012-04-13 00:00:00.000','2012-05-29 00:00:00.000',0,NULL,'7df15bf5-6c05-47e7-80a4-22bd1ce59a72','2012-03-14 00:00:00.000');
INSERT INTO [SpecialOffer] ([SpecialOfferID],[Description],[DiscountPct],[Type],[Category],[StartDate],[EndDate],[MinQty],[MaxQty],[rowguid],[ModifiedDate]) VALUES (
8,'Sport Helmet Discount-2002',0.1000,'Seasonal Discount','Reseller','2012-05-30 00:00:00.000','2012-06-29 00:00:00.000',0,NULL,'20c5d2cc-a38f-48f8-ac9a-8f15943e52ae','2012-04-30 00:00:00.000');
INSERT INTO [SpecialOffer] ([SpecialOfferID],[Description],[DiscountPct],[Type],[Category],[StartDate],[EndDate],[MinQty],[MaxQty],[rowguid],[ModifiedDate]) VALUES (
9,'Road-650 Overstock',0.3000,'Excess Inventory','Reseller','2012-05-30 00:00:00.000','2012-07-30 00:00:00.000',0,NULL,'0cf8472b-f9e6-4945-9e09-549d7dde2198','2012-04-30 00:00:00.000');
INSERT INTO [SpecialOffer] ([SpecialOfferID],[Description],[DiscountPct],[Type],[Category],[StartDate],[EndDate],[MinQty],[MaxQty],[rowguid],[ModifiedDate]) VALUES (
10,'Mountain Tire Sale',0.5000,'Excess Inventory','Customer','2013-05-14 00:00:00.000','2013-07-29 00:00:00.000',0,NULL,'220444ad-2ef3-4e4c-87e9-3aa6ee39a877','2013-04-14 00:00:00.000');
INSERT INTO [SpecialOffer] ([SpecialOfferID],[Description],[DiscountPct],[Type],[Category],[StartDate],[EndDate],[MinQty],[MaxQty],[rowguid],[ModifiedDate]) VALUES (
11,'Sport Helmet Discount-2003',0.1500,'Seasonal Discount','Reseller','2013-05-30 00:00:00.000','2013-06-29 00:00:00.000',0,NULL,'e72dab1d-f44d-448b-9fe2-f259a2f0210d','2013-04-30 00:00:00.000');
INSERT INTO [SpecialOffer] ([SpecialOfferID],[Description],[DiscountPct],[Type],[Category],[StartDate],[EndDate],[MinQty],[MaxQty],[rowguid],[ModifiedDate]) VALUES (
12,'LL Road Frame Sale',0.3500,'Excess Inventory','Reseller','2013-05-30 00:00:00.000','2013-07-14 00:00:00.000',0,NULL,'c0af1c89-9722-4235-9248-3fba4d9e5841','2013-04-30 00:00:00.000');
INSERT INTO [SpecialOffer] ([SpecialOfferID],[Description],[DiscountPct],[Type],[Category],[StartDate],[EndDate],[MinQty],[MaxQty],[rowguid],[ModifiedDate]) VALUES (
13,'Touring-3000 Promotion',0.1500,'New Product','Reseller','2013-05-30 00:00:00.000','2013-08-29 00:00:00.000',0,NULL,'5061cce4-e021-45a8-9a75-dfb36cbbce85','2013-04-30 00:00:00.000');
INSERT INTO [SpecialOffer] ([SpecialOfferID],[Description],[DiscountPct],[Type],[Category],[StartDate],[EndDate],[MinQty],[MaxQty],[rowguid],[ModifiedDate]) VALUES (
14,'Touring-1000 Promotion',0.2000,'New Product','Reseller','2013-05-30 00:00:00.000','2013-08-29 00:00:00.000',0,NULL,'1af84a9e-a98c-4bd9-b48f-dc2b8b6b010b','2013-04-30 00:00:00.000');
INSERT INTO [SpecialOffer] ([SpecialOfferID],[Description],[DiscountPct],[Type],[Category],[StartDate],[EndDate],[MinQty],[MaxQty],[rowguid],[ModifiedDate]) VALUES (
15,'Half-Price Pedal Sale',0.5000,'Seasonal Discount','Customer','2013-07-14 00:00:00.000','2013-08-14 00:00:00.000',0,NULL,'03e3594d-6ebb-46a6-b8ee-a9289c0c2e47','2013-06-14 00:00:00.000');
INSERT INTO [SpecialOffer] ([SpecialOfferID],[Description],[DiscountPct],[Type],[Category],[StartDate],[EndDate],[MinQty],[MaxQty],[rowguid],[ModifiedDate]) VALUES (
16,'Mountain-500 Silver Clearance Sale',0.4000,'Discontinued Product','Reseller','2014-03-31 00:00:00.000','2014-05-30 00:00:00.000',0,NULL,'eb7cb484-bccf-4d2d-bf73-521b20014174','2014-03-01 00:00:00.000');
INSERT INTO [SalesReason] ([SalesReasonID],[Name],[ReasonType],[ModifiedDate]) VALUES (
1,'Price','Other','2008-04-30 00:00:00.000');
INSERT INTO [SalesReason] ([SalesReasonID],[Name],[ReasonType],[ModifiedDate]) VALUES (
2,'On Promotion','Promotion','2008-04-30 00:00:00.000');
INSERT INTO [SalesReason] ([SalesReasonID],[Name],[ReasonType],[ModifiedDate]) VALUES (
3,'Magazine Advertisement','Marketing','2008-04-30 00:00:00.000');
INSERT INTO [SalesReason] ([SalesReasonID],[Name],[ReasonType],[ModifiedDate]) VALUES (
4,'Television  Advertisement','Marketing','2008-04-30 00:00:00.000');
INSERT INTO [SalesReason] ([SalesReasonID],[Name],[ReasonType],[ModifiedDate]) VALUES (
5,'Manufacturer','Other','2008-04-30 00:00:00.000');
INSERT INTO [SalesReason] ([SalesReasonID],[Name],[ReasonType],[ModifiedDate]) VALUES (
6,'Review','Other','2008-04-30 00:00:00.000');
INSERT INTO [SalesReason] ([SalesReasonID],[Name],[ReasonType],[ModifiedDate]) VALUES (
7,'Demo Event','Marketing','2008-04-30 00:00:00.000');
INSERT INTO [SalesReason] ([SalesReasonID],[Name],[ReasonType],[ModifiedDate]) VALUES (
8,'Sponsorship','Marketing','2008-04-30 00:00:00.000');
INSERT INTO [SalesReason] ([SalesReasonID],[Name],[ReasonType],[ModifiedDate]) VALUES (
9,'Quality','Other','2008-04-30 00:00:00.000');
INSERT INTO [SalesReason] ([SalesReasonID],[Name],[ReasonType],[ModifiedDate]) VALUES (
10,'Other','Other','2008-04-30 00:00:00.000');
INSERT INTO [Currency] ([CurrencyCode],[Name],[ModifiedDate]) VALUES (
'AED','Emirati Dirham','2008-04-30 00:00:00.000');
INSERT INTO [Currency] ([CurrencyCode],[Name],[ModifiedDate]) VALUES (
'AFA','Afghani','2008-04-30 00:00:00.000');
INSERT INTO [Currency] ([CurrencyCode],[Name],[ModifiedDate]) VALUES (
'ALL','Lek','2008-04-30 00:00:00.000');
INSERT INTO [Currency] ([CurrencyCode],[Name],[ModifiedDate]) VALUES (
'AMD','Armenian Dram','2008-04-30 00:00:00.000');
INSERT INTO [Currency] ([CurrencyCode],[Name],[ModifiedDate]) VALUES (
'ANG','Netherlands Antillian Guilder','2008-04-30 00:00:00.000');
INSERT INTO [Currency] ([CurrencyCode],[Name],[ModifiedDate]) VALUES (
'AOA','Kwanza','2008-04-30 00:00:00.000');
INSERT INTO [Currency] ([CurrencyCode],[Name],[ModifiedDate]) VALUES (
'ARS','Argentine Peso','2008-04-30 00:00:00.000');
INSERT INTO [Currency] ([CurrencyCode],[Name],[ModifiedDate]) VALUES (
'ATS','Shilling','2008-04-30 00:00:00.000');
INSERT INTO [Currency] ([CurrencyCode],[Name],[ModifiedDate]) VALUES (
'AUD','Australian Dollar','2008-04-30 00:00:00.000');
INSERT INTO [Currency] ([CurrencyCode],[Name],[ModifiedDate]) VALUES (
'AWG','Aruban Guilder','2008-04-30 00:00:00.000');
INSERT INTO [Currency] ([CurrencyCode],[Name],[ModifiedDate]) VALUES (
'AZM','Azerbaijanian Manat','2008-04-30 00:00:00.000');
INSERT INTO [Currency] ([CurrencyCode],[Name],[ModifiedDate]) VALUES (
'BBD','Barbados Dollar','2008-04-30 00:00:00.000');
INSERT INTO [Currency] ([CurrencyCode],[Name],[ModifiedDate]) VALUES (
'BDT','Taka','2008-04-30 00:00:00.000');
INSERT INTO [Currency] ([CurrencyCode],[Name],[ModifiedDate]) VALUES (
'BEF','Belgian Franc','2008-04-30 00:00:00.000');
INSERT INTO [Currency] ([CurrencyCode],[Name],[ModifiedDate]) VALUES (
'BGN','Bulgarian Lev','2008-04-30 00:00:00.000');
INSERT INTO [Currency] ([CurrencyCode],[Name],[ModifiedDate]) VALUES (
'BHD','Bahraini Dinar','2008-04-30 00:00:00.000');
INSERT INTO [Currency] ([CurrencyCode],[Name],[ModifiedDate]) VALUES (
'BND','Brunei Dollar','2008-04-30 00:00:00.000');
INSERT INTO [Currency] ([CurrencyCode],[Name],[ModifiedDate]) VALUES (
'BOB','Boliviano','2008-04-30 00:00:00.000');
INSERT INTO [Currency] ([CurrencyCode],[Name],[ModifiedDate]) VALUES (
'BRL','Brazilian Real','2008-04-30 00:00:00.000');
INSERT INTO [Currency] ([CurrencyCode],[Name],[ModifiedDate]) VALUES (
'BSD','Bahamian Dollar','2008-04-30 00:00:00.000');
INSERT INTO [Currency] ([CurrencyCode],[Name],[ModifiedDate]) VALUES (
'BTN','Ngultrum','2008-04-30 00:00:00.000');
INSERT INTO [Currency] ([CurrencyCode],[Name],[ModifiedDate]) VALUES (
'CAD','Canadian Dollar','2008-04-30 00:00:00.000');
INSERT INTO [Currency] ([CurrencyCode],[Name],[ModifiedDate]) VALUES (
'CHF','Swiss Franc','2008-04-30 00:00:00.000');
INSERT INTO [Currency] ([CurrencyCode],[Name],[ModifiedDate]) VALUES (
'CLP','Chilean Peso','2008-04-30 00:00:00.000');
INSERT INTO [Currency] ([CurrencyCode],[Name],[ModifiedDate]) VALUES (
'CNY','Yuan Renminbi','2008-04-30 00:00:00.000');
INSERT INTO [Currency] ([CurrencyCode],[Name],[ModifiedDate]) VALUES (
'COP','Colombian Peso','2008-04-30 00:00:00.000');
INSERT INTO [Currency] ([CurrencyCode],[Name],[ModifiedDate]) VALUES (
'CRC','Costa Rican Colon','2008-04-30 00:00:00.000');
INSERT INTO [Currency] ([CurrencyCode],[Name],[ModifiedDate]) VALUES (
'CYP','Cyprus Pound','2008-04-30 00:00:00.000');
INSERT INTO [Currency] ([CurrencyCode],[Name],[ModifiedDate]) VALUES (
'CZK','Czech Koruna','2008-04-30 00:00:00.000');
INSERT INTO [Currency] ([CurrencyCode],[Name],[ModifiedDate]) VALUES (
'DEM','Deutsche Mark','2008-04-30 00:00:00.000');
INSERT INTO [Currency] ([CurrencyCode],[Name],[ModifiedDate]) VALUES (
'DKK','Danish Krone','2008-04-30 00:00:00.000');
INSERT INTO [Currency] ([CurrencyCode],[Name],[ModifiedDate]) VALUES (
'DOP','Dominican Peso','2008-04-30 00:00:00.000');
INSERT INTO [Currency] ([CurrencyCode],[Name],[ModifiedDate]) VALUES (
'DZD','Algerian Dinar','2008-04-30 00:00:00.000');
INSERT INTO [Currency] ([CurrencyCode],[Name],[ModifiedDate]) VALUES (
'EEK','Kroon','2008-04-30 00:00:00.000');
INSERT INTO [Currency] ([CurrencyCode],[Name],[ModifiedDate]) VALUES (
'EGP','Egyptian Pound','2008-04-30 00:00:00.000');
INSERT INTO [Currency] ([CurrencyCode],[Name],[ModifiedDate]) VALUES (
'ESP','Spanish Peseta','2008-04-30 00:00:00.000');
INSERT INTO [Currency] ([CurrencyCode],[Name],[ModifiedDate]) VALUES (
'EUR','EURO','2008-04-30 00:00:00.000');
INSERT INTO [Currency] ([CurrencyCode],[Name],[ModifiedDate]) VALUES (
'FIM','Markka','2008-04-30 00:00:00.000');
INSERT INTO [Currency] ([CurrencyCode],[Name],[ModifiedDate]) VALUES (
'FJD','Fiji Dollar','2008-04-30 00:00:00.000');
INSERT INTO [Currency] ([CurrencyCode],[Name],[ModifiedDate]) VALUES (
'FRF','French Franc','2008-04-30 00:00:00.000');
INSERT INTO [Currency] ([CurrencyCode],[Name],[ModifiedDate]) VALUES (
'GBP','United Kingdom Pound','2008-04-30 00:00:00.000');
INSERT INTO [Currency] ([CurrencyCode],[Name],[ModifiedDate]) VALUES (
'GHC','Cedi','2008-04-30 00:00:00.000');
INSERT INTO [Currency] ([CurrencyCode],[Name],[ModifiedDate]) VALUES (
'GRD','Drachma','2008-04-30 00:00:00.000');
INSERT INTO [Currency] ([CurrencyCode],[Name],[ModifiedDate]) VALUES (
'GTQ','Quetzal','2008-04-30 00:00:00.000');
INSERT INTO [Currency] ([CurrencyCode],[Name],[ModifiedDate]) VALUES (
'HKD','Hong Kong Dollar','2008-04-30 00:00:00.000');
INSERT INTO [Currency] ([CurrencyCode],[Name],[ModifiedDate]) VALUES (
'HRK','Croatian Kuna','2008-04-30 00:00:00.000');
INSERT INTO [Currency] ([CurrencyCode],[Name],[ModifiedDate]) VALUES (
'HUF','Forint','2008-04-30 00:00:00.000');
INSERT INTO [Currency] ([CurrencyCode],[Name],[ModifiedDate]) VALUES (
'IDR','Rupiah','2008-04-30 00:00:00.000');
INSERT INTO [Currency] ([CurrencyCode],[Name],[ModifiedDate]) VALUES (
'IEP','Irish Pound','2008-04-30 00:00:00.000');
INSERT INTO [Currency] ([CurrencyCode],[Name],[ModifiedDate]) VALUES (
'ILS','New Israeli Shekel','2008-04-30 00:00:00.000');
INSERT INTO [Currency] ([CurrencyCode],[Name],[ModifiedDate]) VALUES (
'INR','Indian Rupee','2008-04-30 00:00:00.000');
INSERT INTO [Currency] ([CurrencyCode],[Name],[ModifiedDate]) VALUES (
'ISK','Iceland Krona','2008-04-30 00:00:00.000');
INSERT INTO [Currency] ([CurrencyCode],[Name],[ModifiedDate]) VALUES (
'ITL','Italian Lira','2008-04-30 00:00:00.000');
INSERT INTO [Currency] ([CurrencyCode],[Name],[ModifiedDate]) VALUES (
'JMD','Jamaican Dollar','2008-04-30 00:00:00.000');
INSERT INTO [Currency] ([CurrencyCode],[Name],[ModifiedDate]) VALUES (
'JOD','Jordanian Dinar','2008-04-30 00:00:00.000');
INSERT INTO [Currency] ([CurrencyCode],[Name],[ModifiedDate]) VALUES (
'JPY','Yen','2008-04-30 00:00:00.000');
INSERT INTO [Currency] ([CurrencyCode],[Name],[ModifiedDate]) VALUES (
'KES','Kenyan Shilling','2008-04-30 00:00:00.000');
INSERT INTO [Currency] ([CurrencyCode],[Name],[ModifiedDate]) VALUES (
'KRW','Won','2008-04-30 00:00:00.000');
INSERT INTO [Currency] ([CurrencyCode],[Name],[ModifiedDate]) VALUES (
'KWD','Kuwaiti Dinar','2008-04-30 00:00:00.000');
INSERT INTO [Currency] ([CurrencyCode],[Name],[ModifiedDate]) VALUES (
'LBP','Lebanese Pound','2008-04-30 00:00:00.000');
INSERT INTO [Currency] ([CurrencyCode],[Name],[ModifiedDate]) VALUES (
'LKR','Sri Lankan Rupee','2008-04-30 00:00:00.000');
INSERT INTO [Currency] ([CurrencyCode],[Name],[ModifiedDate]) VALUES (
'LTL','Lithuanian Litas','2008-04-30 00:00:00.000');
INSERT INTO [Currency] ([CurrencyCode],[Name],[ModifiedDate]) VALUES (
'LVL','Latvian Lats','2008-04-30 00:00:00.000');
INSERT INTO [Currency] ([CurrencyCode],[Name],[ModifiedDate]) VALUES (
'MAD','Moroccan Dirham','2008-04-30 00:00:00.000');
INSERT INTO [Currency] ([CurrencyCode],[Name],[ModifiedDate]) VALUES (
'MTL','Maltese Lira','2008-04-30 00:00:00.000');
INSERT INTO [Currency] ([CurrencyCode],[Name],[ModifiedDate]) VALUES (
'MUR','Mauritius Rupee','2008-04-30 00:00:00.000');
INSERT INTO [Currency] ([CurrencyCode],[Name],[ModifiedDate]) VALUES (
'MVR','Rufiyaa','2008-04-30 00:00:00.000');
INSERT INTO [Currency] ([CurrencyCode],[Name],[ModifiedDate]) VALUES (
'MXN','Mexican Peso','2008-04-30 00:00:00.000');
INSERT INTO [Currency] ([CurrencyCode],[Name],[ModifiedDate]) VALUES (
'MYR','Malaysian Ringgit','2008-04-30 00:00:00.000');
INSERT INTO [Currency] ([CurrencyCode],[Name],[ModifiedDate]) VALUES (
'NAD','Namibia Dollar','2008-04-30 00:00:00.000');
INSERT INTO [Currency] ([CurrencyCode],[Name],[ModifiedDate]) VALUES (
'NGN','Naira','2008-04-30 00:00:00.000');
INSERT INTO [Currency] ([CurrencyCode],[Name],[ModifiedDate]) VALUES (
'NLG','Netherlands Guilder','2008-04-30 00:00:00.000');
INSERT INTO [Currency] ([CurrencyCode],[Name],[ModifiedDate]) VALUES (
'NOK','Norwegian Krone','2008-04-30 00:00:00.000');
INSERT INTO [Currency] ([CurrencyCode],[Name],[ModifiedDate]) VALUES (
'NPR','Nepalese Rupee','2008-04-30 00:00:00.000');
INSERT INTO [Currency] ([CurrencyCode],[Name],[ModifiedDate]) VALUES (
'NZD','New Zealand Dollar','2008-04-30 00:00:00.000');
INSERT INTO [Currency] ([CurrencyCode],[Name],[ModifiedDate]) VALUES (
'OMR','Omani Rial','2008-04-30 00:00:00.000');
INSERT INTO [Currency] ([CurrencyCode],[Name],[ModifiedDate]) VALUES (
'PAB','Balboa','2008-04-30 00:00:00.000');
INSERT INTO [Currency] ([CurrencyCode],[Name],[ModifiedDate]) VALUES (
'PEN','Nuevo Sol','2008-04-30 00:00:00.000');
INSERT INTO [Currency] ([CurrencyCode],[Name],[ModifiedDate]) VALUES (
'PHP','Philippine Peso','2008-04-30 00:00:00.000');
INSERT INTO [Currency] ([CurrencyCode],[Name],[ModifiedDate]) VALUES (
'PKR','Pakistan Rupee','2008-04-30 00:00:00.000');
INSERT INTO [Currency] ([CurrencyCode],[Name],[ModifiedDate]) VALUES (
'PLN','Zloty','2008-04-30 00:00:00.000');
INSERT INTO [Currency] ([CurrencyCode],[Name],[ModifiedDate]) VALUES (
'PLZ','Polish Zloty(old)','2008-04-30 00:00:00.000');
INSERT INTO [Currency] ([CurrencyCode],[Name],[ModifiedDate]) VALUES (
'PTE','Portuguese Escudo','2008-04-30 00:00:00.000');
INSERT INTO [Currency] ([CurrencyCode],[Name],[ModifiedDate]) VALUES (
'PYG','Guarani','2008-04-30 00:00:00.000');
INSERT INTO [Currency] ([CurrencyCode],[Name],[ModifiedDate]) VALUES (
'ROL','Leu','2008-04-30 00:00:00.000');
INSERT INTO [Currency] ([CurrencyCode],[Name],[ModifiedDate]) VALUES (
'RUB','Russian Ruble','2008-04-30 00:00:00.000');
INSERT INTO [Currency] ([CurrencyCode],[Name],[ModifiedDate]) VALUES (
'RUR','Russian Ruble(old)','2008-04-30 00:00:00.000');
INSERT INTO [Currency] ([CurrencyCode],[Name],[ModifiedDate]) VALUES (
'SAR','Saudi Riyal','2008-04-30 00:00:00.000');
INSERT INTO [Currency] ([CurrencyCode],[Name],[ModifiedDate]) VALUES (
'SEK','Swedish Krona','2008-04-30 00:00:00.000');
INSERT INTO [Currency] ([CurrencyCode],[Name],[ModifiedDate]) VALUES (
'SGD','Singapore Dollar','2008-04-30 00:00:00.000');
INSERT INTO [Currency] ([CurrencyCode],[Name],[ModifiedDate]) VALUES (
'SIT','Tolar','2008-04-30 00:00:00.000');
INSERT INTO [Currency] ([CurrencyCode],[Name],[ModifiedDate]) VALUES (
'SKK','Slovak Koruna','2008-04-30 00:00:00.000');
INSERT INTO [Currency] ([CurrencyCode],[Name],[ModifiedDate]) VALUES (
'SVC','El Salvador Colon','2008-04-30 00:00:00.000');
INSERT INTO [Currency] ([CurrencyCode],[Name],[ModifiedDate]) VALUES (
'THB','Baht','2008-04-30 00:00:00.000');
INSERT INTO [Currency] ([CurrencyCode],[Name],[ModifiedDate]) VALUES (
'TND','Tunisian Dinar','2008-04-30 00:00:00.000');
INSERT INTO [Currency] ([CurrencyCode],[Name],[ModifiedDate]) VALUES (
'TRL','Turkish Lira','2008-04-30 00:00:00.000');
INSERT INTO [Currency] ([CurrencyCode],[Name],[ModifiedDate]) VALUES (
'TTD','Trinidad and Tobago Dollar','2008-04-30 00:00:00.000');
INSERT INTO [Currency] ([CurrencyCode],[Name],[ModifiedDate]) VALUES (
'TWD','New Taiwan Dollar','2008-04-30 00:00:00.000');
INSERT INTO [Currency] ([CurrencyCode],[Name],[ModifiedDate]) VALUES (
'USD','US Dollar','2008-04-30 00:00:00.000');
INSERT INTO [Currency] ([CurrencyCode],[Name],[ModifiedDate]) VALUES (
'UYU','Uruguayan Peso','2008-04-30 00:00:00.000');
INSERT INTO [Currency] ([CurrencyCode],[Name],[ModifiedDate]) VALUES (
'VEB','Bolivar','2008-04-30 00:00:00.000');
INSERT INTO [Currency] ([CurrencyCode],[Name],[ModifiedDate]) VALUES (
'VND','Dong','2008-04-30 00:00:00.000');
INSERT INTO [Currency] ([CurrencyCode],[Name],[ModifiedDate]) VALUES (
'XOF','CFA Franc BCEAO','2008-04-30 00:00:00.000');
INSERT INTO [Currency] ([CurrencyCode],[Name],[ModifiedDate]) VALUES (
'ZAR','Rand','2008-04-30 00:00:00.000');
INSERT INTO [Currency] ([CurrencyCode],[Name],[ModifiedDate]) VALUES (
'ZWD','Zimbabwe Dollar','2008-04-30 00:00:00.000');
INSERT INTO [CurrencyRate] ([CurrencyRateID],[CurrencyRateDate],[FromCurrencyCode],[ToCurrencyCode],[AverageRate],[EndOfDayRate],[ModifiedDate]) VALUES (
1,'2011-05-31 00:00:00.000','USD','ARS',1.0000,1.0002,'2011-05-31 00:00:00.000');
INSERT INTO [CurrencyRate] ([CurrencyRateID],[CurrencyRateDate],[FromCurrencyCode],[ToCurrencyCode],[AverageRate],[EndOfDayRate],[ModifiedDate]) VALUES (
2,'2011-05-31 00:00:00.000','USD','AUD',1.5491,1.5500,'2011-05-31 00:00:00.000');
INSERT INTO [CurrencyRate] ([CurrencyRateID],[CurrencyRateDate],[FromCurrencyCode],[ToCurrencyCode],[AverageRate],[EndOfDayRate],[ModifiedDate]) VALUES (
3,'2011-05-31 00:00:00.000','USD','BRL',1.9379,1.9419,'2011-05-31 00:00:00.000');
INSERT INTO [CurrencyRate] ([CurrencyRateID],[CurrencyRateDate],[FromCurrencyCode],[ToCurrencyCode],[AverageRate],[EndOfDayRate],[ModifiedDate]) VALUES (
4,'2011-05-31 00:00:00.000','USD','CAD',1.4641,1.4683,'2011-05-31 00:00:00.000');
INSERT INTO [CurrencyRate] ([CurrencyRateID],[CurrencyRateDate],[FromCurrencyCode],[ToCurrencyCode],[AverageRate],[EndOfDayRate],[ModifiedDate]) VALUES (
5,'2011-05-31 00:00:00.000','USD','CNY',8.2781,8.2784,'2011-05-31 00:00:00.000');
INSERT INTO [CurrencyRate] ([CurrencyRateID],[CurrencyRateDate],[FromCurrencyCode],[ToCurrencyCode],[AverageRate],[EndOfDayRate],[ModifiedDate]) VALUES (
6,'2011-05-31 00:00:00.000','USD','DEM',1.8967,1.8976,'2011-05-31 00:00:00.000');
INSERT INTO [CurrencyRate] ([CurrencyRateID],[CurrencyRateDate],[FromCurrencyCode],[ToCurrencyCode],[AverageRate],[EndOfDayRate],[ModifiedDate]) VALUES (
7,'2011-05-31 00:00:00.000','USD','EUR',0.9697,0.9703,'2011-05-31 00:00:00.000');
INSERT INTO [CurrencyRate] ([CurrencyRateID],[CurrencyRateDate],[FromCurrencyCode],[ToCurrencyCode],[AverageRate],[EndOfDayRate],[ModifiedDate]) VALUES (
8,'2011-05-31 00:00:00.000','USD','FRF',6.3611,6.3613,'2011-05-31 00:00:00.000');
INSERT INTO [CurrencyRate] ([CurrencyRateID],[CurrencyRateDate],[FromCurrencyCode],[ToCurrencyCode],[AverageRate],[EndOfDayRate],[ModifiedDate]) VALUES (
9,'2011-05-31 00:00:00.000','USD','GBP',0.6183,0.6183,'2011-05-31 00:00:00.000');
INSERT INTO [CurrencyRate] ([CurrencyRateID],[CurrencyRateDate],[FromCurrencyCode],[ToCurrencyCode],[AverageRate],[EndOfDayRate],[ModifiedDate]) VALUES (
10,'2011-05-31 00:00:00.000','USD','JPY',104.9100,104.9580,'2011-05-31 00:00:00.000');
INSERT INTO [CurrencyRate] ([CurrencyRateID],[CurrencyRateDate],[FromCurrencyCode],[ToCurrencyCode],[AverageRate],[EndOfDayRate],[ModifiedDate]) VALUES (
11,'2011-05-31 00:00:00.000','USD','MXN',9.3740,9.3840,'2011-05-31 00:00:00.000');
INSERT INTO [CurrencyRate] ([CurrencyRateID],[CurrencyRateDate],[FromCurrencyCode],[ToCurrencyCode],[AverageRate],[EndOfDayRate],[ModifiedDate]) VALUES (
12,'2011-05-31 00:00:00.000','USD','SAR',3.7507,3.7584,'2011-05-31 00:00:00.000');
INSERT INTO [CurrencyRate] ([CurrencyRateID],[CurrencyRateDate],[FromCurrencyCode],[ToCurrencyCode],[AverageRate],[EndOfDayRate],[ModifiedDate]) VALUES (
13,'2011-05-31 00:00:00.000','USD','VEB',634.5099,634.6000,'2011-05-31 00:00:00.000');
INSERT INTO [CurrencyRate] ([CurrencyRateID],[CurrencyRateDate],[FromCurrencyCode],[ToCurrencyCode],[AverageRate],[EndOfDayRate],[ModifiedDate]) VALUES (
14,'2011-06-01 00:00:00.000','USD','ARS',1.0000,0.9991,'2011-06-01 00:00:00.000');
INSERT INTO [CurrencyRate] ([CurrencyRateID],[CurrencyRateDate],[FromCurrencyCode],[ToCurrencyCode],[AverageRate],[EndOfDayRate],[ModifiedDate]) VALUES (
15,'2011-06-01 00:00:00.000','USD','AUD',1.5559,1.5558,'2011-06-01 00:00:00.000');
INSERT INTO [CurrencyRate] ([CurrencyRateID],[CurrencyRateDate],[FromCurrencyCode],[ToCurrencyCode],[AverageRate],[EndOfDayRate],[ModifiedDate]) VALUES (
16,'2011-06-01 00:00:00.000','USD','BRL',1.9339,1.9330,'2011-06-01 00:00:00.000');
INSERT INTO [CurrencyRate] ([CurrencyRateID],[CurrencyRateDate],[FromCurrencyCode],[ToCurrencyCode],[AverageRate],[EndOfDayRate],[ModifiedDate]) VALUES (
17,'2011-06-01 00:00:00.000','USD','CAD',1.4661,1.4637,'2011-06-01 00:00:00.000');
INSERT INTO [CurrencyRate] ([CurrencyRateID],[CurrencyRateDate],[FromCurrencyCode],[ToCurrencyCode],[AverageRate],[EndOfDayRate],[ModifiedDate]) VALUES (
18,'2011-06-01 00:00:00.000','USD','CNY',8.2781,8.2774,'2011-06-01 00:00:00.000');
INSERT INTO [CurrencyRate] ([CurrencyRateID],[CurrencyRateDate],[FromCurrencyCode],[ToCurrencyCode],[AverageRate],[EndOfDayRate],[ModifiedDate]) VALUES (
19,'2011-06-01 00:00:00.000','USD','DEM',1.8924,1.8922,'2011-06-01 00:00:00.000');
INSERT INTO [CurrencyRate] ([CurrencyRateID],[CurrencyRateDate],[FromCurrencyCode],[ToCurrencyCode],[AverageRate],[EndOfDayRate],[ModifiedDate]) VALUES (
20,'2011-06-01 00:00:00.000','USD','EUR',0.9676,0.9670,'2011-06-01 00:00:00.000');
INSERT INTO [CurrencyRate] ([CurrencyRateID],[CurrencyRateDate],[FromCurrencyCode],[ToCurrencyCode],[AverageRate],[EndOfDayRate],[ModifiedDate]) VALUES (
21,'2011-06-01 00:00:00.000','USD','FRF',6.3468,6.3465,'2011-06-01 00:00:00.000');
INSERT INTO [CurrencyRate] ([CurrencyRateID],[CurrencyRateDate],[FromCurrencyCode],[ToCurrencyCode],[AverageRate],[EndOfDayRate],[ModifiedDate]) VALUES (
22,'2011-06-01 00:00:00.000','USD','GBP',0.6166,0.6162,'2011-06-01 00:00:00.000');
INSERT INTO [CurrencyRate] ([CurrencyRateID],[CurrencyRateDate],[FromCurrencyCode],[ToCurrencyCode],[AverageRate],[EndOfDayRate],[ModifiedDate]) VALUES (
23,'2011-06-01 00:00:00.000','USD','JPY',105.7000,105.6740,'2011-06-01 00:00:00.000');
INSERT INTO [CurrencyRate] ([CurrencyRateID],[CurrencyRateDate],[FromCurrencyCode],[ToCurrencyCode],[AverageRate],[EndOfDayRate],[ModifiedDate]) VALUES (
24,'2011-06-01 00:00:00.000','USD','MXN',9.3949,9.3919,'2011-06-01 00:00:00.000');
INSERT INTO [CurrencyRate] ([CurrencyRateID],[CurrencyRateDate],[FromCurrencyCode],[ToCurrencyCode],[AverageRate],[EndOfDayRate],[ModifiedDate]) VALUES (
25,'2011-06-01 00:00:00.000','USD','SAR',3.7507,3.7507,'2011-06-01 00:00:00.000');
INSERT INTO [CurrencyRate] ([CurrencyRateID],[CurrencyRateDate],[FromCurrencyCode],[ToCurrencyCode],[AverageRate],[EndOfDayRate],[ModifiedDate]) VALUES (
26,'2011-06-01 00:00:00.000','USD','VEB',634.2500,634.2400,'2011-06-01 00:00:00.000');
INSERT INTO [CreditCard] ([CreditCardID],[CardType],[CardNumber],[ExpMonth],[ExpYear],[ModifiedDate]) VALUES (
1,'SuperiorCard','33332664695310',11,2006,'2013-07-29 00:00:00.000');
INSERT INTO [CreditCard] ([CreditCardID],[CardType],[CardNumber],[ExpMonth],[ExpYear],[ModifiedDate]) VALUES (
2,'Distinguish','55552127249722',8,2005,'2013-12-05 00:00:00.000');
INSERT INTO [CreditCard] ([CreditCardID],[CardType],[CardNumber],[ExpMonth],[ExpYear],[ModifiedDate]) VALUES (
3,'ColonialVoice','77778344838353',7,2005,'2014-01-14 00:00:00.000');
INSERT INTO [CreditCard] ([CreditCardID],[CardType],[CardNumber],[ExpMonth],[ExpYear],[ModifiedDate]) VALUES (
4,'ColonialVoice','77774915718248',7,2006,'2013-05-20 00:00:00.000');
INSERT INTO [CreditCard] ([CreditCardID],[CardType],[CardNumber],[ExpMonth],[ExpYear],[ModifiedDate]) VALUES (
5,'Vista','11114404600042',4,2005,'2013-02-01 00:00:00.000');
INSERT INTO [CreditCard] ([CreditCardID],[CardType],[CardNumber],[ExpMonth],[ExpYear],[ModifiedDate]) VALUES (
6,'Distinguish','55557132036181',9,2006,'2014-04-10 00:00:00.000');
INSERT INTO [CreditCard] ([CreditCardID],[CardType],[CardNumber],[ExpMonth],[ExpYear],[ModifiedDate]) VALUES (
7,'Distinguish','55553635401028',6,2007,'2013-02-01 00:00:00.000');
INSERT INTO [CreditCard] ([CreditCardID],[CardType],[CardNumber],[ExpMonth],[ExpYear],[ModifiedDate]) VALUES (
8,'SuperiorCard','33336081193101',7,2007,'2013-06-30 00:00:00.000');
INSERT INTO [CreditCard] ([CreditCardID],[CardType],[CardNumber],[ExpMonth],[ExpYear],[ModifiedDate]) VALUES (
9,'Distinguish','55553465625901',2,2005,'2013-09-23 00:00:00.000');
INSERT INTO [CreditCard] ([CreditCardID],[CardType],[CardNumber],[ExpMonth],[ExpYear],[ModifiedDate]) VALUES (
10,'SuperiorCard','33332126386493',8,2008,'2011-08-31 00:00:00.000');
INSERT INTO [CreditCard] ([CreditCardID],[CardType],[CardNumber],[ExpMonth],[ExpYear],[ModifiedDate]) VALUES (
11,'SuperiorCard','33335352517363',10,2008,'2014-05-04 00:00:00.000');
INSERT INTO [CreditCard] ([CreditCardID],[CardType],[CardNumber],[ExpMonth],[ExpYear],[ModifiedDate]) VALUES (
12,'SuperiorCard','33334316194519',4,2008,'2012-05-30 00:00:00.000');
INSERT INTO [CreditCard] ([CreditCardID],[CardType],[CardNumber],[ExpMonth],[ExpYear],[ModifiedDate]) VALUES (
13,'Vista','11119775847802',11,2005,'2014-03-01 00:00:00.000');
INSERT INTO [CreditCard] ([CreditCardID],[CardType],[CardNumber],[ExpMonth],[ExpYear],[ModifiedDate]) VALUES (
14,'Distinguish','55553287727410',10,2006,'2013-11-19 00:00:00.000');
INSERT INTO [CreditCard] ([CreditCardID],[CardType],[CardNumber],[ExpMonth],[ExpYear],[ModifiedDate]) VALUES (
15,'SuperiorCard','33336866065599',11,2008,'2013-01-29 00:00:00.000');
INSERT INTO [CreditCard] ([CreditCardID],[CardType],[CardNumber],[ExpMonth],[ExpYear],[ModifiedDate]) VALUES (
16,'Vista','11111985451507',8,2006,'2013-12-30 00:00:00.000');
INSERT INTO [CreditCard] ([CreditCardID],[CardType],[CardNumber],[ExpMonth],[ExpYear],[ModifiedDate]) VALUES (
17,'ColonialVoice','77771220960729',8,2008,'2014-01-16 00:00:00.000');
INSERT INTO [CreditCard] ([CreditCardID],[CardType],[CardNumber],[ExpMonth],[ExpYear],[ModifiedDate]) VALUES (
18,'ColonialVoice','77773971683137',8,2007,'2011-12-29 00:00:00.000');
INSERT INTO [CreditCard] ([CreditCardID],[CardType],[CardNumber],[ExpMonth],[ExpYear],[ModifiedDate]) VALUES (
19,'ColonialVoice','77779803886862',9,2007,'2014-02-04 00:00:00.000');
INSERT INTO [CreditCard] ([CreditCardID],[CardType],[CardNumber],[ExpMonth],[ExpYear],[ModifiedDate]) VALUES (
20,'SuperiorCard','33332150058339',3,2007,'2013-12-17 00:00:00.000');
INSERT INTO [CreditCard] ([CreditCardID],[CardType],[CardNumber],[ExpMonth],[ExpYear],[ModifiedDate]) VALUES (
21,'SuperiorCard','33336474467548',3,2006,'2013-09-11 00:00:00.000');
INSERT INTO [CreditCard] ([CreditCardID],[CardType],[CardNumber],[ExpMonth],[ExpYear],[ModifiedDate]) VALUES (
22,'ColonialVoice','77772030376004',3,2005,'2013-12-24 00:00:00.000');
INSERT INTO [CreditCard] ([CreditCardID],[CardType],[CardNumber],[ExpMonth],[ExpYear],[ModifiedDate]) VALUES (
23,'Vista','11117174633569',7,2006,'2012-04-15 00:00:00.000');
INSERT INTO [CreditCard] ([CreditCardID],[CardType],[CardNumber],[ExpMonth],[ExpYear],[ModifiedDate]) VALUES (
24,'Vista','11111658051128',11,2005,'2013-08-21 00:00:00.000');
INSERT INTO [CreditCard] ([CreditCardID],[CardType],[CardNumber],[ExpMonth],[ExpYear],[ModifiedDate]) VALUES (
25,'Vista','11119905436490',1,2007,'2013-01-19 00:00:00.000');
INSERT INTO [CreditCard] ([CreditCardID],[CardType],[CardNumber],[ExpMonth],[ExpYear],[ModifiedDate]) VALUES (
26,'Distinguish','55554195847998',11,2008,'2013-08-27 00:00:00.000');
INSERT INTO [CreditCard] ([CreditCardID],[CardType],[CardNumber],[ExpMonth],[ExpYear],[ModifiedDate]) VALUES (
27,'SuperiorCard','33333837392825',12,2008,'2013-11-11 00:00:00.000');
INSERT INTO [CreditCard] ([CreditCardID],[CardType],[CardNumber],[ExpMonth],[ExpYear],[ModifiedDate]) VALUES (
28,'SuperiorCard','33337040086193',12,2006,'2013-07-31 00:00:00.000');
INSERT INTO [CreditCard] ([CreditCardID],[CardType],[CardNumber],[ExpMonth],[ExpYear],[ModifiedDate]) VALUES (
29,'SuperiorCard','33333594431481',2,2007,'2014-04-25 00:00:00.000');
INSERT INTO [CreditCard] ([CreditCardID],[CardType],[CardNumber],[ExpMonth],[ExpYear],[ModifiedDate]) VALUES (
30,'Vista','11111281844021',6,2006,'2014-01-13 00:00:00.000');
INSERT INTO [CreditCard] ([CreditCardID],[CardType],[CardNumber],[ExpMonth],[ExpYear],[ModifiedDate]) VALUES (
31,'Vista','11112040199986',10,2008,'2009-01-15 00:00:00.000');
INSERT INTO [CreditCard] ([CreditCardID],[CardType],[CardNumber],[ExpMonth],[ExpYear],[ModifiedDate]) VALUES (
32,'Distinguish','55552506272209',6,2006,'2014-01-21 00:00:00.000');
INSERT INTO [CreditCard] ([CreditCardID],[CardType],[CardNumber],[ExpMonth],[ExpYear],[ModifiedDate]) VALUES (
33,'SuperiorCard','33335588002748',2,2006,'2012-01-25 00:00:00.000');
INSERT INTO [CreditCard] ([CreditCardID],[CardType],[CardNumber],[ExpMonth],[ExpYear],[ModifiedDate]) VALUES (
34,'Vista','11115274414475',10,2006,'2013-11-25 00:00:00.000');
INSERT INTO [CreditCard] ([CreditCardID],[CardType],[CardNumber],[ExpMonth],[ExpYear],[ModifiedDate]) VALUES (
35,'SuperiorCard','33333028993903',2,2007,'2012-08-05 00:00:00.000');
INSERT INTO [CreditCard] ([CreditCardID],[CardType],[CardNumber],[ExpMonth],[ExpYear],[ModifiedDate]) VALUES (
36,'Vista','11111169772836',11,2006,'2013-09-03 00:00:00.000');
INSERT INTO [CreditCard] ([CreditCardID],[CardType],[CardNumber],[ExpMonth],[ExpYear],[ModifiedDate]) VALUES (
19235,'ColonialVoice','77774511327745',1,2006,'2013-04-30 00:00:00.000');
INSERT INTO [CreditCard] ([CreditCardID],[CardType],[CardNumber],[ExpMonth],[ExpYear],[ModifiedDate]) VALUES (
19236,'Vista','11112645284978',10,2008,'2014-01-20 00:00:00.000');
INSERT INTO [CreditCard] ([CreditCardID],[CardType],[CardNumber],[ExpMonth],[ExpYear],[ModifiedDate]) VALUES (
19237,'SuperiorCard','33336254511031',5,2005,'2014-06-20 00:00:00.000');
INSERT INTO [ShipMethod] ([ShipMethodID],[Name],[ShipBase],[ShipRate],[rowguid],[ModifiedDate]) VALUES (
1,'XRQ - TRUCK GROUND',3.9500,0.9900,'6be756d9-d7be-4463-8f2c-ae60c710d606','2008-04-30 00:00:00.000');
INSERT INTO [ShipMethod] ([ShipMethodID],[Name],[ShipBase],[ShipRate],[rowguid],[ModifiedDate]) VALUES (
2,'ZY - EXPRESS',9.9500,1.9900,'3455079b-f773-4dc6-8f1e-2a58649c4ab8','2008-04-30 00:00:00.000');
INSERT INTO [ShipMethod] ([ShipMethodID],[Name],[ShipBase],[ShipRate],[rowguid],[ModifiedDate]) VALUES (
3,'OVERSEAS - DELUXE',29.9500,2.9900,'22f4e461-28cf-4ace-a980-f686cf112ec8','2008-04-30 00:00:00.000');
INSERT INTO [ShipMethod] ([ShipMethodID],[Name],[ShipBase],[ShipRate],[rowguid],[ModifiedDate]) VALUES (
4,'OVERNIGHT J-FAST',21.9500,1.2900,'107e8356-e7a8-463d-b60c-079fff467f3f','2008-04-30 00:00:00.000');
INSERT INTO [ShipMethod] ([ShipMethodID],[Name],[ShipBase],[ShipRate],[rowguid],[ModifiedDate]) VALUES (
5,'CARGO TRANSPORT 5',8.9900,1.4900,'b166019a-b134-4e76-b957-2b0490c610ed','2008-04-30 00:00:00.000');
INSERT INTO [UnitMeasure] ([UnitMeasureCode],[Name],[ModifiedDate]) VALUES (
'BOX','Boxes','2008-04-30 00:00:00.000');
INSERT INTO [UnitMeasure] ([UnitMeasureCode],[Name],[ModifiedDate]) VALUES (
'BTL','Bottle','2008-04-30 00:00:00.000');
INSERT INTO [UnitMeasure] ([UnitMeasureCode],[Name],[ModifiedDate]) VALUES (
'C  ','Celsius','2008-04-30 00:00:00.000');
INSERT INTO [UnitMeasure] ([UnitMeasureCode],[Name],[ModifiedDate]) VALUES (
'CAN','Canister','2008-04-30 00:00:00.000');
INSERT INTO [UnitMeasure] ([UnitMeasureCode],[Name],[ModifiedDate]) VALUES (
'CAR','Carton','2008-04-30 00:00:00.000');
INSERT INTO [UnitMeasure] ([UnitMeasureCode],[Name],[ModifiedDate]) VALUES (
'CBM','Cubic meters','2008-04-30 00:00:00.000');
INSERT INTO [UnitMeasure] ([UnitMeasureCode],[Name],[ModifiedDate]) VALUES (
'CCM','Cubic centimeter','2008-04-30 00:00:00.000');
INSERT INTO [UnitMeasure] ([UnitMeasureCode],[Name],[ModifiedDate]) VALUES (
'CDM','Cubic decimeter','2008-04-30 00:00:00.000');
INSERT INTO [UnitMeasure] ([UnitMeasureCode],[Name],[ModifiedDate]) VALUES (
'CM ','Centimeter','2008-04-30 00:00:00.000');
INSERT INTO [UnitMeasure] ([UnitMeasureCode],[Name],[ModifiedDate]) VALUES (
'CM2','Square centimeter','2008-04-30 00:00:00.000');
INSERT INTO [UnitMeasure] ([UnitMeasureCode],[Name],[ModifiedDate]) VALUES (
'CR ','Crate','2008-04-30 00:00:00.000');
INSERT INTO [UnitMeasure] ([UnitMeasureCode],[Name],[ModifiedDate]) VALUES (
'CS ','Case','2008-04-30 00:00:00.000');
INSERT INTO [UnitMeasure] ([UnitMeasureCode],[Name],[ModifiedDate]) VALUES (
'CTN','Container','2008-04-30 00:00:00.000');
INSERT INTO [UnitMeasure] ([UnitMeasureCode],[Name],[ModifiedDate]) VALUES (
'DM ','Decimeter','2008-04-30 00:00:00.000');
INSERT INTO [UnitMeasure] ([UnitMeasureCode],[Name],[ModifiedDate]) VALUES (
'DZ ','Dozen','2008-04-30 00:00:00.000');
INSERT INTO [UnitMeasure] ([UnitMeasureCode],[Name],[ModifiedDate]) VALUES (
'EA ','Each','2008-04-30 00:00:00.000');
INSERT INTO [UnitMeasure] ([UnitMeasureCode],[Name],[ModifiedDate]) VALUES (
'FT3','Cubic foot','2008-04-30 00:00:00.000');
INSERT INTO [UnitMeasure] ([UnitMeasureCode],[Name],[ModifiedDate]) VALUES (
'G  ','Gram','2008-04-30 00:00:00.000');
INSERT INTO [UnitMeasure] ([UnitMeasureCode],[Name],[ModifiedDate]) VALUES (
'GAL','Gallon','2008-04-30 00:00:00.000');
INSERT INTO [UnitMeasure] ([UnitMeasureCode],[Name],[ModifiedDate]) VALUES (
'IN ','Inch','2008-04-30 00:00:00.000');
INSERT INTO [UnitMeasure] ([UnitMeasureCode],[Name],[ModifiedDate]) VALUES (
'KG ','Kilogram','2008-04-30 00:00:00.000');
INSERT INTO [UnitMeasure] ([UnitMeasureCode],[Name],[ModifiedDate]) VALUES (
'KGV','Kilogram/cubic meter','2008-04-30 00:00:00.000');
INSERT INTO [UnitMeasure] ([UnitMeasureCode],[Name],[ModifiedDate]) VALUES (
'KM ','Kilometer','2008-04-30 00:00:00.000');
INSERT INTO [UnitMeasure] ([UnitMeasureCode],[Name],[ModifiedDate]) VALUES (
'KT ','Kiloton','2008-04-30 00:00:00.000');
INSERT INTO [UnitMeasure] ([UnitMeasureCode],[Name],[ModifiedDate]) VALUES (
'L  ','Liter','2008-04-30 00:00:00.000');
INSERT INTO [UnitMeasure] ([UnitMeasureCode],[Name],[ModifiedDate]) VALUES (
'LB ','US pound','2008-04-30 00:00:00.000');
INSERT INTO [UnitMeasure] ([UnitMeasureCode],[Name],[ModifiedDate]) VALUES (
'M  ','Meter','2008-04-30 00:00:00.000');
INSERT INTO [UnitMeasure] ([UnitMeasureCode],[Name],[ModifiedDate]) VALUES (
'M2 ','Square meter','2008-04-30 00:00:00.000');
INSERT INTO [UnitMeasure] ([UnitMeasureCode],[Name],[ModifiedDate]) VALUES (
'M3 ','Cubic meter','2008-04-30 00:00:00.000');
INSERT INTO [UnitMeasure] ([UnitMeasureCode],[Name],[ModifiedDate]) VALUES (
'MG ','Milligram','2008-04-30 00:00:00.000');
INSERT INTO [UnitMeasure] ([UnitMeasureCode],[Name],[ModifiedDate]) VALUES (
'ML ','Milliliter','2008-04-30 00:00:00.000');
INSERT INTO [UnitMeasure] ([UnitMeasureCode],[Name],[ModifiedDate]) VALUES (
'MM ','Millimeter','2008-04-30 00:00:00.000');
INSERT INTO [UnitMeasure] ([UnitMeasureCode],[Name],[ModifiedDate]) VALUES (
'OZ ','Ounces','2008-04-30 00:00:00.000');
INSERT INTO [UnitMeasure] ([UnitMeasureCode],[Name],[ModifiedDate]) VALUES (
'PAK','Pack','2008-04-30 00:00:00.000');
INSERT INTO [UnitMeasure] ([UnitMeasureCode],[Name],[ModifiedDate]) VALUES (
'PAL','Pallet','2008-04-30 00:00:00.000');
INSERT INTO [UnitMeasure] ([UnitMeasureCode],[Name],[ModifiedDate]) VALUES (
'PC ','Piece','2008-04-30 00:00:00.000');
INSERT INTO [UnitMeasure] ([UnitMeasureCode],[Name],[ModifiedDate]) VALUES (
'PCT','Percentage','2008-04-30 00:00:00.000');
INSERT INTO [UnitMeasure] ([UnitMeasureCode],[Name],[ModifiedDate]) VALUES (
'PT ','Pint, US liquid','2008-04-30 00:00:00.000');
INSERT INTO [TransactionHistoryArchive] ([TransactionID],[ProductID],[ReferenceOrderID],[ReferenceOrderLineID],[TransactionDate],[TransactionType],[Quantity],[ActualCost],[ModifiedDate]) VALUES (
1,1,1,1,'2011-04-16 00:00:00.000','P',4,50.2600,'2011-04-16 00:00:00.000');
COMMIT;

